index,lang_id
1,5
2,2
3,5
4,5
5,5
6,3
7,5
8,4
9,10
10,5
11,3
12,7
13,8
14,4
15,7
16,9
17,9
18,5
19,0
20,10
21,5
22,8
23,10
24,0
25,10
26,10
27,2
28,0
29,3
30,7
31,10
32,9
33,4
34,3
35,5
36,0
37,3
38,9
39,4
40,1
41,5
42,5
43,2
44,2
45,0
46,10
47,10
48,8
49,2
50,5
51,4
52,9
53,4
54,4
55,10
56,8
57,2
58,9
59,5
60,4
61,0
62,7
63,0
64,10
65,9
66,5
67,4
68,3
69,5
70,9
71,5
72,7
73,9
74,3
75,5
76,8
77,10
78,7
79,9
80,5
81,5
82,5
83,9
84,10
85,2
86,3
87,4
88,7
89,7
90,10
91,5
92,9
93,10
94,4
95,5
96,3
97,0
98,5
99,8
100,2
101,5
102,7
103,3
104,10
105,8
106,8
107,5
108,3
109,4
110,4
111,9
112,10
113,9
114,9
115,10
116,4
117,0
118,2
119,1
120,1
121,4
122,1
123,2
124,7
125,3
126,0
127,5
128,7
129,5
130,2
131,7
132,8
133,10
134,4
135,5
136,5
137,9
138,4
139,5
140,0
141,4
142,8
143,2
144,3
145,2
146,8
147,3
148,4
149,9
150,8
151,3
152,9
153,9
154,10
155,5
156,5
157,5
158,2
159,1
160,4
161,10
162,7
163,6
164,9
165,5
166,4
167,2
168,10
169,1
170,2
171,10
172,5
173,9
174,0
175,7
176,3
177,0
178,9
179,7
180,9
181,10
182,3
183,5
184,5
185,4
186,4
187,10
188,2
189,10
190,2
191,9
192,7
193,4
194,0
195,10
196,10
197,4
198,2
199,9
200,5
201,3
202,0
203,2
204,8
205,2
206,0
207,9
208,8
209,6
210,5
211,10
212,7
213,0
214,2
215,8
216,0
217,0
218,7
219,0
220,1
221,7
222,8
223,0
224,1
225,1
226,10
227,5
228,1
229,9
230,3
231,5
232,8
233,8
234,4
235,9
236,10
237,4
238,7
239,4
240,3
241,0
242,5
243,5
244,2
245,5
246,3
247,3
248,3
249,2
250,5
251,10
252,4
253,4
254,0
255,2
256,10
257,3
258,5
259,5
260,2
261,10
262,5
263,2
264,4
265,2
266,9
267,8
268,5
269,10
270,0
271,3
272,0
273,5
274,3
275,5
276,4
277,5
278,5
279,4
280,5
281,9
282,3
283,10
284,2
285,1
286,2
287,2
288,10
289,9
290,4
291,3
292,3
293,7
294,5
295,2
296,9
297,5
298,10
299,10
300,4
301,10
302,0
303,9
304,5
305,10
306,1
307,3
308,4
309,8
310,9
311,5
312,10
313,7
314,10
315,0
316,3
317,0
318,5
319,5
320,10
321,5
322,9
323,4
324,3
325,9
326,5
327,9
328,8
329,8
330,0
331,2
332,5
333,5
334,5
335,4
336,0
337,0
338,8
339,7
340,4
341,3
342,5
343,9
344,8
345,9
346,5
347,7
348,7
349,10
350,0
351,9
352,0
353,3
354,3
355,4
356,5
357,5
358,3
359,5
360,10
361,0
362,7
363,5
364,7
365,7
366,9
367,10
368,9
369,1
370,0
371,2
372,0
373,8
374,9
375,9
376,5
377,3
378,10
379,3
380,3
381,9
382,5
383,9
384,5
385,0
386,9
387,9
388,4
389,10
390,4
391,2
392,0
393,5
394,3
395,2
396,3
397,9
398,4
399,0
400,5
401,4
402,5
403,3
404,3
405,1
406,3
407,1
408,2
409,5
410,2
411,9
412,5
413,3
414,3
415,9
416,10
417,5
418,7
419,7
420,7
421,5
422,8
423,10
424,9
425,8
426,0
427,4
428,2
429,10
430,10
431,3
432,2
433,6
434,8
435,0
436,8
437,5
438,5
439,9
440,8
441,3
442,9
443,4
444,9
445,5
446,10
447,7
448,10
449,2
450,2
451,5
452,2
453,8
454,1
455,6
456,8
457,6
458,5
459,4
460,5
461,2
462,0
463,9
464,4
465,8
466,9
467,5
468,9
469,10
470,10
471,5
472,9
473,0
474,0
475,3
476,9
477,9
478,3
479,4
480,5
481,10
482,7
483,0
484,2
485,2
486,5
487,1
488,8
489,3
490,3
491,3
492,3
493,2
494,8
495,3
496,8
497,5
498,5
499,10
500,8
501,2
502,10
503,2
504,2
505,3
506,5
507,2
508,4
509,0
510,10
511,0
512,2
513,1
514,8
515,0
516,5
517,1
518,5
519,7
520,8
521,5
522,9
523,2
524,5
525,0
526,8
527,2
528,9
529,4
530,3
531,3
532,5
533,6
534,2
535,5
536,7
537,6
538,5
539,8
540,9
541,9
542,10
543,7
544,5
545,5
546,7
547,9
548,1
549,5
550,10
551,10
552,1
553,10
554,5
555,8
556,5
557,5
558,8
559,0
560,2
561,2
562,9
563,0
564,10
565,5
566,9
567,9
568,2
569,5
570,0
571,5
572,8
573,4
574,5
575,5
576,5
577,2
578,2
579,0
580,5
581,9
582,4
583,9
584,8
585,0
586,8
587,1
588,1
589,0
590,0
591,9
592,4
593,10
594,0
595,3
596,8
597,5
598,8
599,8
600,0
601,5
602,0
603,3
604,3
605,10
606,8
607,5
608,0
609,5
610,5
611,8
612,4
613,5
614,9
615,0
616,7
617,10
618,5
619,2
620,7
621,7
622,10
623,9
624,9
625,6
626,10
627,9
628,10
629,8
630,10
631,5
632,9
633,5
634,4
635,0
636,5
637,2
638,1
639,4
640,5
641,5
642,7
643,2
644,7
645,5
646,0
647,9
648,2
649,7
650,4
651,5
652,5
653,8
654,3
655,8
656,0
657,4
658,4
659,4
660,10
661,9
662,0
663,6
664,7
665,8
666,2
667,4
668,9
669,4
670,2
671,3
672,0
673,7
674,2
675,9
676,2
677,0
678,0
679,5
680,3
681,9
682,9
683,2
684,5
685,4
686,9
687,2
688,2
689,5
690,2
691,1
692,0
693,6
694,0
695,5
696,10
697,7
698,3
699,5
700,5
701,4
702,7
703,9
704,9
705,4
706,8
707,9
708,3
709,5
710,3
711,4
712,5
713,5
714,7
715,8
716,4
717,7
718,7
719,5
720,1
721,8
722,0
723,9
724,4
725,10
726,5
727,10
728,2
729,4
730,5
731,9
732,4
733,4
734,5
735,1
736,0
737,5
738,1
739,0
740,2
741,0
742,4
743,2
744,6
745,1
746,10
747,5
748,7
749,5
750,10
751,5
752,0
753,5
754,2
755,1
756,3
757,2
758,7
759,7
760,5
761,0
762,2
763,3
764,5
765,9
766,3
767,3
768,3
769,4
770,5
771,1
772,5
773,5
774,0
775,1
776,7
777,10
778,5
779,0
780,10
781,2
782,10
783,5
784,3
785,4
786,0
787,9
788,3
789,3
790,7
791,10
792,9
793,5
794,7
795,1
796,9
797,5
798,5
799,5
800,5
801,5
802,0
803,6
804,3
805,9
806,7
807,6
808,0
809,5
810,10
811,1
812,3
813,10
814,2
815,2
816,3
817,9
818,6
819,0
820,10
821,0
822,8
823,3
824,5
825,5
826,4
827,2
828,3
829,8
830,5
831,9
832,9
833,5
834,10
835,1
836,5
837,0
838,0
839,6
840,3
841,5
842,8
843,5
844,5
845,5
846,8
847,2
848,9
849,4
850,8
851,5
852,10
853,2
854,2
855,8
856,4
857,0
858,2
859,9
860,0
861,10
862,10
863,8
864,8
865,9
866,9
867,5
868,0
869,3
870,8
871,10
872,2
873,8
874,5
875,3
876,4
877,5
878,5
879,9
880,9
881,5
882,0
883,8
884,3
885,9
886,2
887,9
888,3
889,0
890,0
891,4
892,10
893,7
894,10
895,0
896,4
897,8
898,10
899,1
900,5
901,10
902,5
903,9
904,5
905,4
906,5
907,9
908,9
909,5
910,8
911,2
912,1
913,2
914,3
915,3
916,2
917,8
918,5
919,3
920,2
921,4
922,0
923,5
924,0
925,4
926,8
927,4
928,5
929,0
930,9
931,2
932,7
933,8
934,6
935,7
936,9
937,2
938,5
939,2
940,7
941,2
942,2
943,7
944,10
945,3
946,0
947,8
948,3
949,8
950,2
951,5
952,5
953,4
954,10
955,1
956,4
957,9
958,5
959,8
960,5
961,3
962,7
963,5
964,7
965,0
966,6
967,0
968,7
969,10
970,10
971,5
972,2
973,3
974,10
975,4
976,3
977,3
978,5
979,5
980,5
981,7
982,9
983,0
984,2
985,5
986,5
987,8
988,2
989,0
990,8
991,2
992,9
993,2
994,5
995,0
996,8
997,3
998,0
999,5
1000,5
1001,9
1002,7
1003,6
1004,4
1005,0
1006,9
1007,4
1008,5
1009,10
1010,9
1011,9
1012,2
1013,8
1014,9
1015,0
1016,2
1017,4
1018,0
1019,9
1020,7
1021,2
1022,10
1023,0
1024,7
1025,2
1026,0
1027,4
1028,0
1029,5
1030,9
1031,5
1032,4
1033,2
1034,7
1035,5
1036,3
1037,7
1038,3
1039,3
1040,0
1041,7
1042,0
1043,10
1044,3
1045,7
1046,0
1047,9
1048,5
1049,4
1050,5
1051,10
1052,3
1053,3
1054,5
1055,3
1056,1
1057,4
1058,4
1059,5
1060,5
1061,1
1062,9
1063,9
1064,3
1065,2
1066,2
1067,7
1068,5
1069,2
1070,5
1071,2
1072,4
1073,7
1074,1
1075,2
1076,4
1077,10
1078,5
1079,5
1080,4
1081,5
1082,8
1083,9
1084,5
1085,10
1086,4
1087,8
1088,5
1089,3
1090,5
1091,7
1092,10
1093,8
1094,7
1095,9
1096,9
1097,2
1098,7
1099,5
1100,4
1101,5
1102,10
1103,10
1104,4
1105,3
1106,9
1107,3
1108,3
1109,8
1110,8
1111,9
1112,2
1113,7
1114,7
1115,0
1116,0
1117,0
1118,7
1119,5
1120,8
1121,3
1122,5
1123,3
1124,5
1125,8
1126,7
1127,5
1128,7
1129,0
1130,7
1131,4
1132,0
1133,2
1134,2
1135,2
1136,9
1137,2
1138,10
1139,10
1140,1
1141,7
1142,0
1143,10
1144,7
1145,7
1146,5
1147,8
1148,2
1149,3
1150,5
1151,8
1152,5
1153,3
1154,2
1155,5
1156,5
1157,4
1158,3
1159,7
1160,5
1161,4
1162,9
1163,5
1164,7
1165,1
1166,5
1167,9
1168,2
1169,10
1170,9
1171,2
1172,5
1173,1
1174,2
1175,1
1176,5
1177,3
1178,2
1179,1
1180,10
1181,5
1182,3
1183,3
1184,3
1185,5
1186,0
1187,8
1188,10
1189,3
1190,3
1191,3
1192,8
1193,1
1194,9
1195,3
1196,0
1197,10
1198,4
1199,10
1200,10
1201,7
1202,5
1203,3
1204,9
1205,5
1206,0
1207,9
1208,10
1209,3
1210,0
1211,5
1212,3
1213,9
1214,0
1215,1
1216,10
1217,0
1218,5
1219,5
1220,0
1221,7
1222,3
1223,0
1224,10
1225,5
1226,10
1227,7
1228,2
1229,1
1230,2
1231,5
1232,9
1233,8
1234,6
1235,4
1236,8
1237,2
1238,5
1239,10
1240,4
1241,0
1242,5
1243,5
1244,5
1245,5
1246,4
1247,1
1248,4
1249,5
1250,3
1251,5
1252,10
1253,3
1254,7
1255,3
1256,8
1257,3
1258,4
1259,9
1260,5
1261,0
1262,10
1263,5
1264,5
1265,0
1266,2
1267,7
1268,3
1269,2
1270,5
1271,10
1272,5
1273,8
1274,5
1275,5
1276,5
1277,9
1278,9
1279,1
1280,7
1281,9
1282,1
1283,2
1284,5
1285,9
1286,5
1287,3
1288,2
1289,4
1290,2
1291,0
1292,0
1293,9
1294,8
1295,0
1296,5
1297,9
1298,4
1299,10
1300,3
1301,2
1302,5
1303,5
1304,5
1305,4
1306,10
1307,0
1308,5
1309,0
1310,4
1311,3
1312,9
1313,3
1314,10
1315,7
1316,2
1317,2
1318,2
1319,3
1320,4
1321,0
1322,5
1323,0
1324,8
1325,4
1326,0
1327,0
1328,7
1329,4
1330,2
1331,5
1332,10
1333,7
1334,10
1335,2
1336,5
1337,5
1338,4
1339,0
1340,3
1341,8
1342,4
1343,3
1344,3
1345,2
1346,2
1347,5
1348,5
1349,3
1350,5
1351,7
1352,9
1353,4
1354,5
1355,5
1356,9
1357,2
1358,4
1359,10
1360,9
1361,9
1362,9
1363,8
1364,0
1365,4
1366,8
1367,3
1368,7
1369,9
1370,2
1371,1
1372,8
1373,9
1374,9
1375,5
1376,8
1377,9
1378,6
1379,4
1380,2
1381,8
1382,5
1383,8
1384,5
1385,5
1386,9
1387,8
1388,8
1389,2
1390,0
1391,5
1392,0
1393,5
1394,7
1395,3
1396,5
1397,9
1398,5
1399,5
1400,3
1401,10
1402,6
1403,5
1404,0
1405,5
1406,3
1407,4
1408,10
1409,7
1410,0
1411,10
1412,3
1413,7
1414,4
1415,0
1416,7
1417,3
1418,3
1419,10
1420,10
1421,5
1422,10
1423,0
1424,10
1425,8
1426,9
1427,4
1428,8
1429,3
1430,9
1431,0
1432,8
1433,7
1434,10
1435,7
1436,2
1437,2
1438,10
1439,8
1440,3
1441,5
1442,10
1443,5
1444,3
1445,2
1446,0
1447,5
1448,4
1449,9
1450,5
1451,8
1452,10
1453,5
1454,8
1455,3
1456,10
1457,2
1458,8
1459,0
1460,10
1461,9
1462,5
1463,10
1464,5
1465,1
1466,5
1467,0
1468,5
1469,5
1470,9
1471,9
1472,0
1473,10
1474,7
1475,2
1476,4
1477,3
1478,8
1479,2
1480,9
1481,0
1482,0
1483,0
1484,2
1485,9
1486,4
1487,7
1488,10
1489,0
1490,5
1491,5
1492,5
1493,5
1494,5
1495,8
1496,9
1497,4
1498,0
1499,5
1500,8
1501,1
1502,5
1503,5
1504,5
1505,2
1506,8
1507,5
1508,8
1509,4
1510,6
1511,8
1512,10
1513,5
1514,5
1515,1
1516,9
1517,9
1518,6
1519,8
1520,4
1521,7
1522,4
1523,5
1524,1
1525,7
1526,4
1527,10
1528,5
1529,1
1530,0
1531,5
1532,9
1533,2
1534,6
1535,8
1536,10
1537,3
1538,0
1539,7
1540,2
1541,8
1542,2
1543,5
1544,10
1545,2
1546,9
1547,0
1548,5
1549,5
1550,8
1551,4
1552,1
1553,8
1554,4
1555,8
1556,9
1557,9
1558,10
1559,2
1560,9
1561,2
1562,9
1563,8
1564,5
1565,8
1566,5
1567,7
1568,5
1569,3
1570,9
1571,10
1572,9
1573,5
1574,2
1575,8
1576,5
1577,9
1578,5
1579,5
1580,5
1581,1
1582,3
1583,5
1584,10
1585,5
1586,10
1587,5
1588,8
1589,10
1590,4
1591,1
1592,3
1593,3
1594,9
1595,5
1596,9
1597,2
1598,10
1599,2
1600,10
1601,9
1602,10
1603,10
1604,9
1605,9
1606,5
1607,7
1608,10
1609,2
1610,2
1611,5
1612,10
1613,3
1614,10
1615,3
1616,4
1617,7
1618,10
1619,10
1620,2
1621,3
1622,2
1623,5
1624,5
1625,10
1626,2
1627,10
1628,5
1629,0
1630,9
1631,1
1632,5
1633,5
1634,9
1635,5
1636,10
1637,8
1638,10
1639,4
1640,0
1641,2
1642,7
1643,1
1644,0
1645,8
1646,7
1647,3
1648,9
1649,5
1650,5
1651,7
1652,3
1653,9
1654,3
1655,5
1656,5
1657,7
1658,0
1659,5
1660,10
1661,7
1662,0
1663,2
1664,4
1665,2
1666,5
1667,0
1668,2
1669,3
1670,4
1671,0
1672,9
1673,8
1674,5
1675,0
1676,10
1677,0
1678,3
1679,5
1680,5
1681,7
1682,4
1683,0
1684,8
1685,4
1686,4
1687,8
1688,5
1689,0
1690,5
1691,0
1692,10
1693,5
1694,4
1695,4
1696,0
1697,2
1698,2
1699,7
1700,5
1701,9
1702,8
1703,10
1704,5
1705,3
1706,5
1707,4
1708,10
1709,5
1710,0
1711,5
1712,0
1713,5
1714,5
1715,5
1716,0
1717,2
1718,2
1719,10
1720,5
1721,9
1722,8
1723,6
1724,8
1725,4
1726,8
1727,3
1728,10
1729,2
1730,2
1731,8
1732,0
1733,1
1734,5
1735,5
1736,5
1737,8
1738,9
1739,8
1740,8
1741,5
1742,9
1743,2
1744,9
1745,4
1746,5
1747,4
1748,5
1749,10
1750,3
1751,10
1752,10
1753,7
1754,0
1755,2
1756,8
1757,8
1758,7
1759,0
1760,3
1761,5
1762,5
1763,9
1764,3
1765,5
1766,5
1767,0
1768,2
1769,5
1770,10
1771,10
1772,4
1773,8
1774,2
1775,5
1776,7
1777,8
1778,7
1779,5
1780,10
1781,7
1782,8
1783,3
1784,3
1785,7
1786,5
1787,2
1788,9
1789,5
1790,9
1791,5
1792,5
1793,10
1794,5
1795,5
1796,10
1797,5
1798,9
1799,10
1800,1
1801,10
1802,2
1803,3
1804,4
1805,4
1806,2
1807,8
1808,8
1809,2
1810,8
1811,5
1812,5
1813,5
1814,8
1815,4
1816,7
1817,9
1818,3
1819,2
1820,9
1821,0
1822,2
1823,0
1824,10
1825,0
1826,5
1827,5
1828,5
1829,5
1830,5
1831,7
1832,7
1833,4
1834,10
1835,5
1836,5
1837,10
1838,10
1839,5
1840,5
1841,9
1842,3
1843,2
1844,0
1845,9
1846,2
1847,5
1848,10
1849,2
1850,5
1851,3
1852,3
1853,0
1854,3
1855,5
1856,0
1857,2
1858,10
1859,3
1860,5
1861,2
1862,2
1863,5
1864,5
1865,1
1866,8
1867,5
1868,9
1869,10
1870,2
1871,10
1872,4
1873,2
1874,8
1875,7
1876,2
1877,8
1878,5
1879,9
1880,5
1881,4
1882,5
1883,3
1884,8
1885,2
1886,5
1887,4
1888,3
1889,4
1890,8
1891,2
1892,1
1893,2
1894,2
1895,0
1896,5
1897,4
1898,9
1899,3
1900,4
1901,9
1902,8
1903,5
1904,6
1905,8
1906,5
1907,8
1908,8
1909,10
1910,2
1911,3
1912,8
1913,0
1914,0
1915,5
1916,5
1917,5
1918,2
1919,7
1920,2
1921,2
1922,6
1923,4
1924,10
1925,9
1926,4
1927,8
1928,0
1929,8
1930,4
1931,8
1932,4
1933,8
1934,9
1935,10
1936,5
1937,9
1938,3
1939,5
1940,0
1941,9
1942,5
1943,10
1944,10
1945,10
1946,8
1947,3
1948,2
1949,9
1950,5
1951,0
1952,3
1953,3
1954,5
1955,2
1956,5
1957,2
1958,2
1959,2
1960,2
1961,2
1962,0
1963,7
1964,5
1965,5
1966,5
1967,5
1968,2
1969,2
1970,0
1971,9
1972,4
1973,5
1974,10
1975,5
1976,3
1977,9
1978,0
1979,3
1980,10
1981,3
1982,5
1983,3
1984,10
1985,5
1986,7
1987,9
1988,9
1989,4
1990,9
1991,5
1992,7
1993,7
1994,3
1995,8
1996,8
1997,10
1998,1
1999,9
2000,9
2001,8
2002,8
2003,3
2004,9
2005,5
2006,2
2007,7
2008,5
2009,4
2010,5
2011,5
2012,2
2013,8
2014,5
2015,10
2016,3
2017,9
2018,0
2019,5
2020,10
2021,4
2022,9
2023,7
2024,2
2025,5
2026,2
2027,3
2028,3
2029,9
2030,7
2031,9
2032,9
2033,8
2034,9
2035,5
2036,7
2037,4
2038,7
2039,10
2040,4
2041,0
2042,3
2043,3
2044,9
2045,3
2046,3
2047,2
2048,3
2049,0
2050,0
2051,5
2052,1
2053,10
2054,8
2055,3
2056,0
2057,1
2058,3
2059,7
2060,0
2061,7
2062,9
2063,7
2064,10
2065,1
2066,5
2067,9
2068,2
2069,9
2070,9
2071,2
2072,2
2073,4
2074,10
2075,2
2076,1
2077,0
2078,10
2079,10
2080,5
2081,0
2082,4
2083,0
2084,1
2085,9
2086,2
2087,4
2088,5
2089,4
2090,5
2091,2
2092,4
2093,8
2094,2
2095,9
2096,10
2097,9
2098,8
2099,7
2100,4
2101,3
2102,5
2103,1
2104,7
2105,5
2106,5
2107,2
2108,8
2109,7
2110,9
2111,10
2112,0
2113,5
2114,5
2115,3
2116,2
2117,3
2118,2
2119,2
2120,9
2121,4
2122,5
2123,8
2124,5
2125,4
2126,0
2127,0
2128,7
2129,5
2130,7
2131,9
2132,3
2133,3
2134,2
2135,4
2136,7
2137,0
2138,1
2139,4
2140,2
2141,3
2142,4
2143,5
2144,7
2145,8
2146,0
2147,4
2148,7
2149,10
2150,5
2151,9
2152,7
2153,8
2154,3
2155,10
2156,5
2157,9
2158,5
2159,3
2160,10
2161,0
2162,3
2163,9
2164,9
2165,10
2166,8
2167,9
2168,7
2169,2
2170,3
2171,5
2172,7
2173,6
2174,3
2175,8
2176,0
2177,8
2178,8
2179,3
2180,5
2181,9
2182,2
2183,7
2184,9
2185,4
2186,3
2187,2
2188,5
2189,2
2190,5
2191,5
2192,0
2193,2
2194,7
2195,5
2196,3
2197,7
2198,7
2199,0
2200,9
2201,9
2202,2
2203,2
2204,4
2205,2
2206,3
2207,10
2208,9
2209,5
2210,5
2211,0
2212,5
2213,8
2214,6
2215,3
2216,5
2217,7
2218,0
2219,5
2220,9
2221,3
2222,9
2223,3
2224,2
2225,5
2226,4
2227,10
2228,1
2229,2
2230,0
2231,6
2232,5
2233,1
2234,5
2235,10
2236,0
2237,10
2238,10
2239,10
2240,5
2241,5
2242,8
2243,5
2244,10
2245,9
2246,5
2247,10
2248,9
2249,5
2250,9
2251,2
2252,5
2253,3
2254,1
2255,6
2256,2
2257,4
2258,4
2259,5
2260,5
2261,8
2262,8
2263,3
2264,5
2265,0
2266,7
2267,4
2268,0
2269,8
2270,4
2271,4
2272,4
2273,3
2274,9
2275,3
2276,6
2277,4
2278,0
2279,5
2280,10
2281,5
2282,7
2283,1
2284,2
2285,5
2286,10
2287,3
2288,1
2289,3
2290,7
2291,7
2292,0
2293,9
2294,9
2295,5
2296,9
2297,0
2298,4
2299,4
2300,8
2301,4
2302,0
2303,9
2304,10
2305,0
2306,5
2307,5
2308,2
2309,3
2310,10
2311,10
2312,4
2313,5
2314,5
2315,3
2316,0
2317,9
2318,9
2319,4
2320,0
2321,4
2322,4
2323,9
2324,7
2325,8
2326,5
2327,3
2328,5
2329,5
2330,10
2331,5
2332,9
2333,10
2334,3
2335,5
2336,8
2337,5
2338,5
2339,3
2340,8
2341,5
2342,2
2343,5
2344,9
2345,3
2346,4
2347,8
2348,5
2349,2
2350,9
2351,2
2352,4
2353,0
2354,10
2355,5
2356,3
2357,10
2358,8
2359,5
2360,5
2361,9
2362,2
2363,5
2364,9
2365,5
2366,10
2367,3
2368,5
2369,0
2370,10
2371,2
2372,0
2373,9
2374,10
2375,5
2376,2
2377,0
2378,7
2379,0
2380,7
2381,8
2382,10
2383,2
2384,0
2385,3
2386,3
2387,10
2388,5
2389,5
2390,5
2391,10
2392,9
2393,5
2394,5
2395,5
2396,4
2397,3
2398,0
2399,8
2400,4
2401,9
2402,2
2403,8
2404,0
2405,0
2406,5
2407,0
2408,0
2409,2
2410,5
2411,0
2412,0
2413,4
2414,2
2415,3
2416,2
2417,8
2418,5
2419,8
2420,4
2421,8
2422,3
2423,7
2424,5
2425,0
2426,5
2427,0
2428,4
2429,2
2430,3
2431,7
2432,9
2433,5
2434,5
2435,3
2436,9
2437,9
2438,2
2439,5
2440,9
2441,9
2442,10
2443,9
2444,3
2445,2
2446,2
2447,5
2448,2
2449,2
2450,0
2451,9
2452,0
2453,2
2454,1
2455,8
2456,4
2457,5
2458,2
2459,4
2460,5
2461,0
2462,3
2463,3
2464,9
2465,10
2466,2
2467,8
2468,0
2469,7
2470,2
2471,0
2472,2
2473,8
2474,5
2475,10
2476,9
2477,10
2478,10
2479,8
2480,2
2481,5
2482,2
2483,4
2484,7
2485,2
2486,8
2487,9
2488,9
2489,2
2490,8
2491,5
2492,0
2493,4
2494,5
2495,3
2496,5
2497,5
2498,5
2499,8
2500,9
2501,2
2502,5
2503,0
2504,2
2505,2
2506,4
2507,5
2508,0
2509,9
2510,0
2511,1
2512,7
2513,3
2514,5
2515,9
2516,5
2517,5
2518,3
2519,5
2520,2
2521,4
2522,0
2523,5
2524,4
2525,8
2526,4
2527,10
2528,7
2529,10
2530,9
2531,1
2532,0
2533,4
2534,10
2535,10
2536,7
2537,3
2538,0
2539,7
2540,9
2541,0
2542,5
2543,5
2544,5
2545,5
2546,4
2547,7
2548,8
2549,0
2550,9
2551,3
2552,9
2553,4
2554,7
2555,9
2556,4
2557,5
2558,2
2559,8
2560,8
2561,7
2562,2
2563,4
2564,0
2565,9
2566,3
2567,0
2568,6
2569,3
2570,2
2571,10
2572,8
2573,8
2574,5
2575,5
2576,5
2577,9
2578,1
2579,4
2580,3
2581,8
2582,3
2583,1
2584,10
2585,7
2586,3
2587,4
2588,10
2589,2
2590,2
2591,8
2592,5
2593,5
2594,2
2595,7
2596,9
2597,0
2598,5
2599,5
2600,8
2601,3
2602,1
2603,8
2604,0
2605,0
2606,1
2607,5
2608,5
2609,7
2610,10
2611,5
2612,1
2613,0
2614,2
2615,10
2616,5
2617,9
2618,0
2619,9
2620,8
2621,10
2622,0
2623,5
2624,7
2625,3
2626,7
2627,5
2628,1
2629,0
2630,8
2631,9
2632,9
2633,5
2634,4
2635,0
2636,2
2637,5
2638,2
2639,4
2640,1
2641,0
2642,0
2643,5
2644,0
2645,3
2646,4
2647,4
2648,3
2649,5
2650,5
2651,1
2652,1
2653,1
2654,10
2655,9
2656,9
2657,5
2658,5
2659,1
2660,5
2661,10
2662,8
2663,5
2664,8
2665,9
2666,3
2667,4
2668,2
2669,9
2670,3
2671,8
2672,5
2673,5
2674,10
2675,8
2676,5
2677,7
2678,5
2679,10
2680,1
2681,0
2682,9
2683,4
2684,5
2685,8
2686,10
2687,10
2688,4
2689,10
2690,3
2691,7
2692,5
2693,9
2694,5
2695,8
2696,0
2697,9
2698,8
2699,4
2700,8
2701,9
2702,0
2703,5
2704,5
2705,7
2706,3
2707,4
2708,4
2709,9
2710,5
2711,2
2712,9
2713,10
2714,3
2715,5
2716,5
2717,5
2718,4
2719,9
2720,0
2721,4
2722,7
2723,2
2724,5
2725,5
2726,0
2727,5
2728,5
2729,2
2730,2
2731,3
2732,4
2733,9
2734,8
2735,0
2736,8
2737,4
2738,10
2739,2
2740,5
2741,5
2742,0
2743,3
2744,5
2745,9
2746,9
2747,0
2748,5
2749,2
2750,10
2751,0
2752,3
2753,9
2754,8
2755,8
2756,3
2757,5
2758,3
2759,5
2760,6
2761,0
2762,6
2763,10
2764,0
2765,5
2766,3
2767,4
2768,4
2769,4
2770,7
2771,1
2772,9
2773,5
2774,10
2775,0
2776,7
2777,9
2778,0
2779,0
2780,3
2781,5
2782,0
2783,5
2784,9
2785,0
2786,2
2787,1
2788,2
2789,8
2790,8
2791,3
2792,5
2793,8
2794,5
2795,7
2796,6
2797,4
2798,3
2799,8
2800,3
2801,5
2802,5
2803,0
2804,9
2805,2
2806,6
2807,9
2808,5
2809,0
2810,4
2811,4
2812,1
2813,10
2814,0
2815,9
2816,9
2817,1
2818,5
2819,5
2820,0
2821,0
2822,5
2823,5
2824,7
2825,3
2826,5
2827,3
2828,0
2829,2
2830,4
2831,9
2832,8
2833,9
2834,3
2835,10
2836,0
2837,1
2838,7
2839,3
2840,9
2841,5
2842,5
2843,10
2844,5
2845,2
2846,0
2847,2
2848,5
2849,10
2850,5
2851,5
2852,5
2853,5
2854,8
2855,1
2856,5
2857,5
2858,2
2859,5
2860,9
2861,2
2862,4
2863,9
2864,10
2865,9
2866,2
2867,5
2868,10
2869,5
2870,5
2871,0
2872,8
2873,2
2874,8
2875,5
2876,8
2877,0
2878,3
2879,9
2880,10
2881,8
2882,9
2883,7
2884,5
2885,4
2886,9
2887,10
2888,9
2889,9
2890,7
2891,3
2892,3
2893,5
2894,5
2895,5
2896,9
2897,2
2898,5
2899,5
2900,10
2901,3
2902,2
2903,7
2904,10
2905,4
2906,3
2907,5
2908,9
2909,0
2910,8
2911,3
2912,3
2913,0
2914,5
2915,8
2916,8
2917,5
2918,5
2919,0
2920,2
2921,4
2922,4
2923,5
2924,4
2925,9
2926,0
2927,9
2928,5
2929,5
2930,3
2931,9
2932,0
2933,9
2934,2
2935,3
2936,3
2937,4
2938,7
2939,3
2940,0
2941,3
2942,9
2943,5
2944,8
2945,4
2946,4
2947,0
2948,2
2949,7
2950,5
2951,5
2952,4
2953,5
2954,5
2955,1
2956,6
2957,10
2958,5
2959,5
2960,5
2961,1
2962,0
2963,5
2964,1
2965,9
2966,8
2967,3
2968,9
2969,0
2970,7
2971,0
2972,2
2973,9
2974,7
2975,3
2976,5
2977,5
2978,1
2979,9
2980,3
2981,3
2982,4
2983,9
2984,7
2985,5
2986,5
2987,0
2988,7
2989,9
2990,8
2991,2
2992,5
2993,5
2994,2
2995,5
2996,4
2997,5
2998,10
2999,5
3000,10
3001,7
3002,5
3003,5
3004,0
3005,0
3006,0
3007,10
3008,9
3009,4
3010,4
3011,8
3012,10
3013,4
3014,0
3015,0
3016,5
3017,10
3018,2
3019,2
3020,4
3021,1
3022,4
3023,5
3024,3
3025,10
3026,0
3027,2
3028,10
3029,8
3030,7
3031,9
3032,5
3033,9
3034,0
3035,2
3036,4
3037,9
3038,10
3039,9
3040,1
3041,2
3042,3
3043,5
3044,8
3045,2
3046,10
3047,5
3048,2
3049,5
3050,3
3051,5
3052,5
3053,5
3054,8
3055,10
3056,10
3057,3
3058,5
3059,2
3060,0
3061,5
3062,7
3063,8
3064,10
3065,9
3066,3
3067,9
3068,3
3069,10
3070,3
3071,5
3072,0
3073,0
3074,10
3075,2
3076,8
3077,8
3078,8
3079,2
3080,1
3081,8
3082,0
3083,1
3084,7
3085,3
3086,2
3087,5
3088,8
3089,10
3090,1
3091,2
3092,3
3093,4
3094,5
3095,10
3096,8
3097,5
3098,9
3099,9
3100,2
3101,3
3102,5
3103,1
3104,4
3105,3
3106,5
3107,3
3108,5
3109,9
3110,3
3111,5
3112,9
3113,5
3114,1
3115,4
3116,9
3117,0
3118,7
3119,4
3120,10
3121,8
3122,5
3123,9
3124,4
3125,5
3126,5
3127,4
3128,10
3129,10
3130,10
3131,0
3132,8
3133,10
3134,1
3135,9
3136,3
3137,9
3138,5
3139,8
3140,0
3141,3
3142,2
3143,0
3144,5
3145,5
3146,5
3147,7
3148,5
3149,8
3150,5
3151,3
3152,10
3153,5
3154,9
3155,8
3156,9
3157,0
3158,9
3159,5
3160,7
3161,1
3162,9
3163,7
3164,10
3165,3
3166,8
3167,8
3168,0
3169,7
3170,7
3171,1
3172,0
3173,4
3174,4
3175,5
3176,0
3177,8
3178,8
3179,9
3180,7
3181,5
3182,5
3183,5
3184,9
3185,9
3186,8
3187,1
3188,0
3189,5
3190,10
3191,2
3192,7
3193,10
3194,3
3195,9
3196,5
3197,9
3198,4
3199,9
3200,2
3201,9
3202,4
3203,1
3204,0
3205,3
3206,0
3207,0
3208,7
3209,10
3210,3
3211,9
3212,9
3213,1
3214,5
3215,9
3216,5
3217,5
3218,9
3219,5
3220,8
3221,9
3222,7
3223,8
3224,5
3225,7
3226,8
3227,5
3228,3
3229,8
3230,3
3231,0
3232,0
3233,2
3234,2
3235,2
3236,4
3237,9
3238,5
3239,9
3240,5
3241,5
3242,8
3243,7
3244,2
3245,10
3246,4
3247,10
3248,7
3249,8
3250,2
3251,4
3252,9
3253,10
3254,10
3255,9
3256,8
3257,5
3258,5
3259,2
3260,4
3261,8
3262,10
3263,7
3264,7
3265,5
3266,10
3267,5
3268,5
3269,9
3270,7
3271,2
3272,2
3273,5
3274,0
3275,10
3276,3
3277,5
3278,9
3279,5
3280,5
3281,10
3282,5
3283,6
3284,5
3285,10
3286,5
3287,2
3288,10
3289,9
3290,2
3291,10
3292,10
3293,3
3294,10
3295,0
3296,9
3297,2
3298,2
3299,5
3300,4
3301,0
3302,3
3303,5
3304,0
3305,7
3306,1
3307,2
3308,9
3309,8
3310,9
3311,3
3312,3
3313,4
3314,6
3315,2
3316,4
3317,5
3318,5
3319,0
3320,3
3321,10
3322,1
3323,4
3324,8
3325,0
3326,4
3327,3
3328,3
3329,9
3330,0
3331,0
3332,5
3333,10
3334,5
3335,2
3336,9
3337,8
3338,9
3339,8
3340,3
3341,5
3342,7
3343,8
3344,7
3345,5
3346,8
3347,7
3348,7
3349,3
3350,7
3351,8
3352,8
3353,10
3354,7
3355,5
3356,4
3357,0
3358,7
3359,3
3360,5
3361,5
3362,5
3363,2
3364,5
3365,8
3366,5
3367,5
3368,5
3369,7
3370,10
3371,2
3372,0
3373,5
3374,8
3375,7
3376,7
3377,9
3378,1
3379,0
3380,4
3381,9
3382,9
3383,6
3384,9
3385,3
3386,5
3387,5
3388,0
3389,7
3390,4
3391,10
3392,5
3393,3
3394,8
3395,9
3396,8
3397,4
3398,10
3399,5
3400,6
3401,2
3402,8
3403,5
3404,9
3405,5
3406,5
3407,2
3408,5
3409,3
3410,9
3411,5
3412,1
3413,1
3414,0
3415,5
3416,9
3417,2
3418,5
3419,3
3420,8
3421,10
3422,5
3423,10
3424,5
3425,5
3426,3
3427,2
3428,3
3429,2
3430,0
3431,5
3432,2
3433,10
3434,2
3435,3
3436,2
3437,9
3438,0
3439,9
3440,7
3441,5
3442,5
3443,8
3444,8
3445,7
3446,5
3447,2
3448,5
3449,4
3450,10
3451,5
3452,9
3453,0
3454,9
3455,4
3456,5
3457,5
3458,9
3459,5
3460,2
3461,9
3462,5
3463,1
3464,4
3465,10
3466,8
3467,0
3468,7
3469,5
3470,4
3471,10
3472,10
3473,0
3474,7
3475,9
3476,0
3477,0
3478,9
3479,0
3480,6
3481,3
3482,2
3483,3
3484,9
3485,4
3486,9
3487,8
3488,2
3489,1
3490,9
3491,8
3492,5
3493,5
3494,5
3495,3
3496,9
3497,3
3498,10
3499,5
3500,0
3501,9
3502,10
3503,5
3504,9
3505,8
3506,8
3507,8
3508,8
3509,4
3510,8
3511,10
3512,10
3513,2
3514,9
3515,3
3516,10
3517,8
3518,2
3519,8
3520,7
3521,0
3522,8
3523,4
3524,2
3525,7
3526,3
3527,10
3528,10
3529,3
3530,0
3531,8
3532,9
3533,10
3534,8
3535,2
3536,3
3537,8
3538,4
3539,5
3540,6
3541,9
3542,8
3543,10
3544,5
3545,7
3546,5
3547,2
3548,5
3549,5
3550,1
3551,1
3552,10
3553,7
3554,9
3555,5
3556,9
3557,10
3558,5
3559,0
3560,10
3561,3
3562,0
3563,2
3564,3
3565,3
3566,3
3567,0
3568,7
3569,4
3570,5
3571,9
3572,3
3573,0
3574,5
3575,3
3576,2
3577,8
3578,5
3579,8
3580,3
3581,1
3582,2
3583,0
3584,7
3585,9
3586,5
3587,8
3588,9
3589,2
3590,7
3591,8
3592,2
3593,5
3594,5
3595,7
3596,5
3597,7
3598,3
3599,0
3600,5
3601,2
3602,10
3603,10
3604,7
3605,7
3606,0
3607,4
3608,10
3609,3
3610,5
3611,7
3612,1
3613,4
3614,0
3615,2
3616,5
3617,0
3618,2
3619,5
3620,5
3621,1
3622,8
3623,3
3624,2
3625,9
3626,4
3627,3
3628,5
3629,4
3630,3
3631,5
3632,4
3633,0
3634,1
3635,7
3636,1
3637,5
3638,5
3639,4
3640,5
3641,4
3642,7
3643,5
3644,0
3645,0
3646,4
3647,4
3648,9
3649,9
3650,1
3651,7
3652,3
3653,5
3654,6
3655,5
3656,4
3657,3
3658,4
3659,5
3660,10
3661,5
3662,4
3663,10
3664,6
3665,4
3666,3
3667,5
3668,9
3669,5
3670,7
3671,9
3672,7
3673,10
3674,2
3675,5
3676,5
3677,5
3678,10
3679,9
3680,8
3681,2
3682,9
3683,6
3684,5
3685,1
3686,4
3687,2
3688,8
3689,4
3690,4
3691,5
3692,9
3693,5
3694,9
3695,4
3696,4
3697,5
3698,8
3699,5
3700,5
3701,10
3702,9
3703,7
3704,3
3705,5
3706,5
3707,10
3708,7
3709,0
3710,4
3711,5
3712,7
3713,1
3714,5
3715,9
3716,2
3717,0
3718,8
3719,8
3720,9
3721,9
3722,9
3723,10
3724,9
3725,5
3726,0
3727,3
3728,0
3729,6
3730,4
3731,5
3732,8
3733,9
3734,5
3735,9
3736,3
3737,0
3738,5
3739,5
3740,5
3741,6
3742,4
3743,1
3744,5
3745,6
3746,10
3747,10
3748,3
3749,2
3750,7
3751,5
3752,0
3753,3
3754,3
3755,2
3756,8
3757,4
3758,4
3759,5
3760,3
3761,2
3762,3
3763,8
3764,3
3765,3
3766,5
3767,10
3768,9
3769,1
3770,3
3771,5
3772,9
3773,1
3774,4
3775,0
3776,5
3777,5
3778,5
3779,0
3780,5
3781,2
3782,4
3783,4
3784,3
3785,5
3786,2
3787,10
3788,9
3789,10
3790,2
3791,0
3792,10
3793,10
3794,5
3795,0
3796,3
3797,3
3798,5
3799,2
3800,8
3801,9
3802,0
3803,2
3804,5
3805,5
3806,10
3807,4
3808,5
3809,2
3810,5
3811,4
3812,3
3813,2
3814,2
3815,5
3816,3
3817,5
3818,5
3819,10
3820,3
3821,6
3822,8
3823,1
3824,3
3825,9
3826,10
3827,4
3828,0
3829,6
3830,5
3831,5
3832,5
3833,2
3834,5
3835,10
3836,2
3837,2
3838,5
3839,1
3840,5
3841,3
3842,10
3843,2
3844,8
3845,10
3846,8
3847,8
3848,4
3849,8
3850,2
3851,10
3852,3
3853,5
3854,10
3855,3
3856,2
3857,6
3858,0
3859,4
3860,7
3861,10
3862,5
3863,9
3864,9
3865,5
3866,5
3867,0
3868,3
3869,8
3870,5
3871,2
3872,5
3873,5
3874,5
3875,5
3876,1
3877,8
3878,5
3879,9
3880,10
3881,3
3882,9
3883,4
3884,5
3885,4
3886,8
3887,10
3888,5
3889,4
3890,0
3891,10
3892,3
3893,10
3894,4
3895,3
3896,5
3897,9
3898,7
3899,1
3900,8
3901,0
3902,3
3903,1
3904,9
3905,4
3906,3
3907,3
3908,9
3909,5
3910,5
3911,10
3912,9
3913,2
3914,10
3915,0
3916,4
3917,5
3918,3
3919,3
3920,7
3921,5
3922,8
3923,5
3924,8
3925,10
3926,10
3927,5
3928,3
3929,5
3930,9
3931,5
3932,9
3933,4
3934,3
3935,3
3936,9
3937,2
3938,7
3939,0
3940,8
3941,5
3942,8
3943,10
3944,7
3945,5
3946,3
3947,4
3948,9
3949,9
3950,4
3951,3
3952,5
3953,4
3954,0
3955,9
3956,2
3957,10
3958,0
3959,1
3960,8
3961,7
3962,9
3963,8
3964,3
3965,5
3966,9
3967,4
3968,9
3969,10
3970,3
3971,9
3972,9
3973,3
3974,4
3975,5
3976,6
3977,3
3978,3
3979,6
3980,3
3981,5
3982,5
3983,0
3984,3
3985,4
3986,8
3987,9
3988,0
3989,5
3990,1
3991,8
3992,9
3993,0
3994,5
3995,2
3996,5
3997,5
3998,9
3999,3
4000,8
4001,9
4002,10
4003,2
4004,7
4005,10
4006,3
4007,5
4008,9
4009,8
4010,3
4011,9
4012,7
4013,9
4014,5
4015,7
4016,2
4017,10
4018,5
4019,2
4020,5
4021,5
4022,0
4023,5
4024,7
4025,5
4026,5
4027,9
4028,10
4029,10
4030,2
4031,2
4032,9
4033,0
4034,0
4035,3
4036,5
4037,0
4038,4
4039,2
4040,4
4041,5
4042,2
4043,5
4044,9
4045,8
4046,8
4047,5
4048,4
4049,9
4050,2
4051,9
4052,0
4053,2
4054,8
4055,4
4056,0
4057,5
4058,8
4059,5
4060,0
4061,8
4062,8
4063,10
4064,5
4065,4
4066,9
4067,10
4068,0
4069,7
4070,4
4071,10
4072,10
4073,3
4074,9
4075,3
4076,10
4077,8
4078,9
4079,0
4080,4
4081,9
4082,0
4083,4
4084,3
4085,7
4086,0
4087,7
4088,4
4089,10
4090,7
4091,5
4092,7
4093,6
4094,5
4095,9
4096,0
4097,5
4098,2
4099,0
4100,4
4101,2
4102,5
4103,9
4104,6
4105,10
4106,9
4107,2
4108,0
4109,9
4110,5
4111,9
4112,0
4113,5
4114,9
4115,2
4116,5
4117,3
4118,5
4119,8
4120,8
4121,0
4122,3
4123,10
4124,5
4125,2
4126,10
4127,10
4128,4
4129,10
4130,5
4131,5
4132,0
4133,2
4134,3
4135,7
4136,0
4137,5
4138,1
4139,5
4140,5
4141,9
4142,5
4143,3
4144,4
4145,9
4146,8
4147,3
4148,2
4149,6
4150,0
4151,3
4152,10
4153,4
4154,4
4155,0
4156,0
4157,0
4158,9
4159,2
4160,0
4161,9
4162,3
4163,10
4164,7
4165,7
4166,8
4167,7
4168,5
4169,3
4170,8
4171,6
4172,1
4173,9
4174,2
4175,9
4176,8
4177,4
4178,7
4179,5
4180,4
4181,8
4182,9
4183,7
4184,5
4185,2
4186,4
4187,10
4188,5
4189,0
4190,2
4191,3
4192,9
4193,2
4194,0
4195,10
4196,9
4197,1
4198,0
4199,9
4200,9
4201,3
4202,3
4203,3
4204,9
4205,5
4206,5
4207,3
4208,2
4209,10
4210,5
4211,8
4212,5
4213,2
4214,9
4215,5
4216,7
4217,7
4218,8
4219,9
4220,10
4221,3
4222,2
4223,3
4224,9
4225,0
4226,2
4227,5
4228,5
4229,8
4230,10
4231,5
4232,5
4233,7
4234,6
4235,2
4236,0
4237,4
4238,9
4239,3
4240,0
4241,3
4242,7
4243,4
4244,7
4245,5
4246,8
4247,5
4248,1
4249,0
4250,5
4251,5
4252,7
4253,8
4254,9
4255,8
4256,4
4257,2
4258,4
4259,9
4260,5
4261,5
4262,8
4263,3
4264,2
4265,3
4266,3
4267,0
4268,2
4269,10
4270,9
4271,10
4272,5
4273,9
4274,10
4275,10
4276,5
4277,5
4278,9
4279,2
4280,5
4281,8
4282,4
4283,8
4284,1
4285,5
4286,5
4287,2
4288,9
4289,9
4290,10
4291,8
4292,2
4293,5
4294,10
4295,9
4296,7
4297,2
4298,6
4299,7
4300,8
4301,4
4302,3
4303,10
4304,3
4305,3
4306,0
4307,5
4308,0
4309,2
4310,7
4311,4
4312,4
4313,5
4314,2
4315,0
4316,2
4317,5
4318,2
4319,3
4320,1
4321,8
4322,10
4323,5
4324,1
4325,9
4326,3
4327,9
4328,4
4329,8
4330,3
4331,10
4332,8
4333,3
4334,9
4335,3
4336,1
4337,4
4338,8
4339,5
4340,1
4341,5
4342,0
4343,5
4344,5
4345,7
4346,5
4347,4
4348,9
4349,3
4350,0
4351,2
4352,10
4353,5
4354,7
4355,9
4356,2
4357,5
4358,8
4359,10
4360,0
4361,3
4362,4
4363,0
4364,2
4365,4
4366,0
4367,10
4368,3
4369,2
4370,2
4371,9
4372,0
4373,4
4374,1
4375,3
4376,10
4377,8
4378,3
4379,2
4380,5
4381,5
4382,8
4383,2
4384,8
4385,5
4386,5
4387,6
4388,5
4389,0
4390,0
4391,2
4392,3
4393,2
4394,5
4395,10
4396,9
4397,0
4398,1
4399,7
4400,0
4401,3
4402,0
4403,3
4404,5
4405,0
4406,5
4407,10
4408,5
4409,5
4410,9
4411,0
4412,7
4413,8
4414,8
4415,10
4416,3
4417,0
4418,2
4419,4
4420,5
4421,5
4422,10
4423,4
4424,5
4425,2
4426,1
4427,8
4428,3
4429,8
4430,4
4431,5
4432,4
4433,0
4434,7
4435,0
4436,0
4437,3
4438,10
4439,5
4440,2
4441,5
4442,1
4443,5
4444,5
4445,3
4446,3
4447,2
4448,8
4449,4
4450,5
4451,7
4452,2
4453,10
4454,2
4455,10
4456,0
4457,9
4458,10
4459,5
4460,5
4461,3
4462,0
4463,0
4464,7
4465,5
4466,2
4467,2
4468,8
4469,7
4470,8
4471,9
4472,0
4473,7
4474,3
4475,0
4476,9
4477,2
4478,3
4479,8
4480,9
4481,2
4482,3
4483,5
4484,6
4485,9
4486,5
4487,6
4488,9
4489,4
4490,5
4491,3
4492,7
4493,8
4494,5
4495,0
4496,8
4497,5
4498,0
4499,5
4500,3
4501,10
4502,9
4503,3
4504,1
4505,4
4506,8
4507,9
4508,5
4509,8
4510,5
4511,2
4512,9
4513,9
4514,2
4515,9
4516,2
4517,9
4518,4
4519,5
4520,10
4521,6
4522,3
4523,8
4524,2
4525,10
4526,3
4527,10
4528,5
4529,8
4530,9
4531,5
4532,9
4533,5
4534,5
4535,0
4536,4
4537,3
4538,2
4539,10
4540,1
4541,5
4542,0
4543,0
4544,5
4545,7
4546,3
4547,4
4548,8
4549,1
4550,2
4551,10
4552,5
4553,10
4554,10
4555,9
4556,9
4557,7
4558,7
4559,8
4560,9
4561,5
4562,3
4563,1
4564,4
4565,8
4566,4
4567,4
4568,8
4569,5
4570,4
4571,2
4572,5
4573,0
4574,5
4575,5
4576,2
4577,10
4578,5
4579,10
4580,2
4581,7
4582,7
4583,4
4584,5
4585,10
4586,6
4587,5
4588,4
4589,5
4590,3
4591,4
4592,10
4593,7
4594,8
4595,5
4596,5
4597,8
4598,1
4599,2
4600,0
4601,3
4602,8
4603,4
4604,2
4605,5
4606,7
4607,5
4608,10
4609,9
4610,2
4611,0
4612,5
4613,7
4614,0
4615,5
4616,9
4617,1
4618,9
4619,8
4620,5
4621,5
4622,9
4623,5
4624,5
4625,0
4626,10
4627,8
4628,5
4629,7
4630,5
4631,6
4632,5
4633,1
4634,8
4635,6
4636,9
4637,9
4638,1
4639,5
4640,2
4641,5
4642,3
4643,7
4644,7
4645,3
4646,3
4647,3
4648,10
4649,8
4650,2
4651,5
4652,4
4653,8
4654,0
4655,3
4656,5
4657,5
4658,5
4659,7
4660,9
4661,10
4662,9
4663,3
4664,9
4665,0
4666,1
4667,10
4668,10
4669,0
4670,9
4671,9
4672,3
4673,8
4674,2
4675,9
4676,9
4677,9
4678,10
4679,10
4680,2
4681,9
4682,5
4683,10
4684,8
4685,9
4686,0
4687,4
4688,5
4689,5
4690,7
4691,9
4692,2
4693,3
4694,5
4695,8
4696,4
4697,4
4698,5
4699,5
4700,5
4701,0
4702,5
4703,2
4704,10
4705,7
4706,9
4707,8
4708,4
4709,5
4710,2
4711,0
4712,5
4713,3
4714,0
4715,0
4716,9
4717,5
4718,5
4719,9
4720,2
4721,0
4722,3
4723,5
4724,5
4725,4
4726,9
4727,10
4728,2
4729,6
4730,5
4731,3
4732,9
4733,3
4734,1
4735,9
4736,9
4737,7
4738,10
4739,2
4740,7
4741,3
4742,2
4743,4
4744,9
4745,5
4746,2
4747,9
4748,3
4749,5
4750,9
4751,0
4752,10
4753,4
4754,5
4755,3
4756,9
4757,3
4758,8
4759,10
4760,4
4761,3
4762,6
4763,2
4764,5
4765,2
4766,3
4767,4
4768,5
4769,4
4770,8
4771,1
4772,9
4773,4
4774,5
4775,1
4776,3
4777,3
4778,4
4779,2
4780,2
4781,3
4782,8
4783,5
4784,0
4785,0
4786,7
4787,9
4788,8
4789,5
4790,2
4791,10
4792,0
4793,2
4794,5
4795,3
4796,5
4797,8
4798,7
4799,3
4800,0
4801,9
4802,3
4803,10
4804,1
4805,10
4806,1
4807,8
4808,3
4809,5
4810,0
4811,2
4812,9
4813,9
4814,5
4815,3
4816,7
4817,8
4818,7
4819,8
4820,9
4821,2
4822,3
4823,10
4824,4
4825,4
4826,0
4827,5
4828,2
4829,3
4830,5
4831,4
4832,5
4833,5
4834,5
4835,4
4836,10
4837,10
4838,4
4839,2
4840,9
4841,5
4842,5
4843,10
4844,9
4845,9
4846,10
4847,7
4848,0
4849,7
4850,9
4851,0
4852,4
4853,10
4854,2
4855,3
4856,9
4857,3
4858,10
4859,8
4860,5
4861,0
4862,0
4863,5
4864,3
4865,4
4866,9
4867,10
4868,5
4869,9
4870,5
4871,5
4872,4
4873,8
4874,9
4875,5
4876,10
4877,10
4878,8
4879,10
4880,5
4881,9
4882,0
4883,5
4884,2
4885,4
4886,7
4887,5
4888,3
4889,9
4890,5
4891,10
4892,1
4893,3
4894,10
4895,10
4896,0
4897,2
4898,9
4899,3
4900,7
4901,1
4902,5
4903,9
4904,0
4905,10
4906,7
4907,9
4908,4
4909,3
4910,5
4911,4
4912,4
4913,9
4914,3
4915,9
4916,5
4917,10
4918,3
4919,2
4920,3
4921,0
4922,2
4923,7
4924,7
4925,0
4926,0
4927,8
4928,5
4929,8
4930,5
4931,2
4932,10
4933,8
4934,5
4935,10
4936,1
4937,5
4938,5
4939,5
4940,3
4941,8
4942,3
4943,5
4944,1
4945,9
4946,7
4947,5
4948,7
4949,0
4950,9
4951,1
4952,0
4953,3
4954,5
4955,3
4956,7
4957,3
4958,10
4959,9
4960,1
4961,3
4962,5
4963,3
4964,0
4965,4
4966,5
4967,2
4968,10
4969,4
4970,3
4971,3
4972,3
4973,5
4974,1
4975,0
4976,7
4977,7
4978,8
4979,5
4980,10
4981,2
4982,5
4983,7
4984,5
4985,5
4986,3
4987,5
4988,5
4989,8
4990,0
4991,3
4992,5
4993,9
4994,5
4995,5
4996,5
4997,5
4998,5
4999,0
5000,1
5001,4
5002,8
5003,5
5004,4
5005,5
5006,4
5007,5
5008,0
5009,8
5010,5
5011,9
5012,4
5013,8
5014,3
5015,7
5016,4
5017,10
5018,5
5019,9
5020,3
5021,9
5022,10
5023,2
5024,10
5025,9
5026,2
5027,3
5028,1
5029,5
5030,4
5031,8
5032,4
5033,0
5034,0
5035,5
5036,9
5037,9
5038,1
5039,5
5040,7
5041,5
5042,0
5043,4
5044,0
5045,3
5046,5
5047,5
5048,5
5049,1
5050,4
5051,2
5052,4
5053,4
5054,7
5055,5
5056,10
5057,0
5058,9
5059,10
5060,5
5061,4
5062,10
5063,6
5064,10
5065,2
5066,8
5067,4
5068,5
5069,6
5070,3
5071,0
5072,10
5073,8
5074,5
5075,3
5076,0
5077,1
5078,0
5079,8
5080,10
5081,10
5082,5
5083,5
5084,8
5085,7
5086,5
5087,4
5088,9
5089,2
5090,5
5091,2
5092,0
5093,5
5094,4
5095,0
5096,1
5097,10
5098,5
5099,0
5100,5
5101,0
5102,5
5103,5
5104,10
5105,5
5106,4
5107,4
5108,8
5109,5
5110,5
5111,2
5112,3
5113,4
5114,0
5115,2
5116,4
5117,5
5118,3
5119,0
5120,4
5121,8
5122,10
5123,4
5124,3
5125,0
5126,0
5127,10
5128,5
5129,8
5130,9
5131,5
5132,3
5133,5
5134,7
5135,2
5136,2
5137,5
5138,10
5139,9
5140,7
5141,5
5142,9
5143,1
5144,9
5145,7
5146,0
5147,3
5148,8
5149,9
5150,5
5151,0
5152,5
5153,3
5154,7
5155,2
5156,4
5157,4
5158,5
5159,1
5160,5
5161,3
5162,9
5163,4
5164,8
5165,5
5166,3
5167,7
5168,9
5169,3
5170,5
5171,3
5172,10
5173,10
5174,10
5175,5
5176,7
5177,4
5178,8
5179,4
5180,2
5181,7
5182,5
5183,0
5184,4
5185,4
5186,5
5187,4
5188,3
5189,10
5190,5
5191,10
5192,5
5193,9
5194,9
5195,5
5196,8
5197,5
5198,2
5199,4
5200,5
5201,2
5202,3
5203,5
5204,0
5205,0
5206,0
5207,10
5208,2
5209,7
5210,8
5211,5
5212,7
5213,8
5214,4
5215,3
5216,9
5217,0
5218,0
5219,8
5220,5
5221,9
5222,5
5223,5
5224,7
5225,2
5226,0
5227,3
5228,3
5229,5
5230,0
5231,7
5232,4
5233,4
5234,7
5235,3
5236,9
5237,5
5238,2
5239,2
5240,2
5241,3
5242,8
5243,2
5244,7
5245,2
5246,3
5247,9
5248,3
5249,9
5250,5
5251,5
5252,2
5253,5
5254,9
5255,5
5256,2
5257,4
5258,10
5259,10
5260,3
5261,0
5262,5
5263,10
5264,7
5265,3
5266,10
5267,10
5268,8
5269,10
5270,8
5271,4
5272,1
5273,5
5274,9
5275,5
5276,2
5277,0
5278,8
5279,4
5280,5
5281,10
5282,5
5283,2
5284,3
5285,5
5286,4
5287,5
5288,5
5289,7
5290,2
5291,9
5292,4
5293,5
5294,8
5295,9
5296,5
5297,7
5298,3
5299,0
5300,5
5301,5
5302,5
5303,5
5304,2
5305,9
5306,5
5307,0
5308,3
5309,3
5310,4
5311,9
5312,7
5313,9
5314,2
5315,10
5316,5
5317,9
5318,4
5319,4
5320,10
5321,9
5322,1
5323,1
5324,5
5325,8
5326,2
5327,0
5328,5
5329,8
5330,9
5331,2
5332,6
5333,9
5334,2
5335,4
5336,3
5337,0
5338,8
5339,9
5340,5
5341,2
5342,9
5343,8
5344,4
5345,9
5346,5
5347,5
5348,9
5349,8
5350,5
5351,9
5352,4
5353,4
5354,5
5355,3
5356,9
5357,2
5358,10
5359,0
5360,5
5361,3
5362,9
5363,5
5364,3
5365,2
5366,4
5367,10
5368,8
5369,3
5370,0
5371,5
5372,0
5373,7
5374,8
5375,2
5376,8
5377,2
5378,7
5379,1
5380,4
5381,10
5382,10
5383,1
5384,8
5385,2
5386,5
5387,5
5388,2
5389,5
5390,8
5391,7
5392,4
5393,4
5394,2
5395,4
5396,2
5397,2
5398,2
5399,5
5400,4
5401,10
5402,4
5403,3
5404,5
5405,5
5406,2
5407,10
5408,2
5409,2
5410,9
5411,4
5412,1
5413,8
5414,5
5415,8
5416,8
5417,5
5418,5
5419,0
5420,2
5421,3
5422,5
5423,5
5424,9
5425,4
5426,0
5427,2
5428,7
5429,9
5430,3
5431,9
5432,2
5433,5
5434,10
5435,0
5436,5
5437,1
5438,9
5439,8
5440,10
5441,4
5442,8
5443,5
5444,5
5445,4
5446,5
5447,5
5448,4
5449,2
5450,7
5451,5
5452,7
5453,10
5454,3
5455,2
5456,0
5457,7
5458,8
5459,2
5460,2
5461,5
5462,8
5463,3
5464,9
5465,7
5466,5
5467,3
5468,9
5469,8
5470,4
5471,5
5472,8
5473,5
5474,3
5475,4
5476,10
5477,9
5478,2
5479,7
5480,3
5481,3
5482,3
5483,4
5484,0
5485,1
5486,10
5487,5
5488,7
5489,5
5490,5
5491,2
5492,4
5493,10
5494,5
5495,3
5496,8
5497,2
5498,5
5499,7
5500,2
5501,4
5502,4
5503,6
5504,1
5505,2
5506,2
5507,2
5508,3
5509,0
5510,4
5511,0
5512,1
5513,2
5514,3
5515,10
5516,5
5517,3
5518,9
5519,2
5520,8
5521,2
5522,10
5523,9
5524,5
5525,5
5526,8
5527,3
5528,5
5529,4
5530,9
5531,4
5532,3
5533,10
5534,2
5535,5
5536,5
5537,8
5538,4
5539,7
5540,2
5541,8
5542,0
5543,9
5544,8
5545,5
5546,8
5547,4
5548,10
5549,9
5550,0
5551,3
5552,5
5553,5
5554,5
5555,8
5556,9
5557,6
5558,4
5559,2
5560,4
5561,5
5562,5
5563,9
5564,0
5565,0
5566,3
5567,3
5568,7
5569,10
5570,8
5571,7
5572,8
5573,8
5574,4
5575,10
5576,5
5577,7
5578,1
5579,8
5580,4
5581,5
5582,5
5583,5
5584,10
5585,10
5586,4
5587,2
5588,5
5589,5
5590,7
5591,5
5592,3
5593,5
5594,5
5595,5
5596,0
5597,10
5598,2
5599,3
5600,9
5601,2
5602,5
5603,7
5604,4
5605,8
5606,10
5607,2
5608,4
5609,9
5610,3
5611,0
5612,6
5613,0
5614,3
5615,10
5616,5
5617,8
5618,7
5619,8
5620,0
5621,2
5622,5
5623,5
5624,2
5625,5
5626,9
5627,0
5628,8
5629,0
5630,10
5631,4
5632,5
5633,3
5634,9
5635,7
5636,5
5637,10
5638,5
5639,10
5640,5
5641,10
5642,3
5643,9
5644,7
5645,5
5646,7
5647,6
5648,5
5649,3
5650,5
5651,2
5652,5
5653,2
5654,4
5655,5
5656,6
5657,2
5658,3
5659,10
5660,5
5661,5
5662,10
5663,5
5664,0
5665,8
5666,0
5667,5
5668,9
5669,2
5670,2
5671,1
5672,4
5673,0
5674,8
5675,5
5676,8
5677,3
5678,5
5679,3
5680,4
5681,4
5682,5
